name,cluster,cluster_name
amazonbasics aaa performance alkaline batteries count,3,Fire Tablets
amazonbasics nylon cd dvd binder capacity,3,Fire Tablets
amazon echo white,2,Smart Home Devices & Accessories
amazon echo show black,2,Smart Home Devices & Accessories
echo spot pair kit black,2,Smart Home Devices & Accessories
fire tv stick streaming media player pair kit,3,Fire Tablets
amazonbasics aa performance alkaline batteries count packaging may vary,3,Fire Tablets
amazonbasics ventilated adjustable laptop stand,3,Fire Tablets
amazonbasics backpack for laptops up to inches,3,Fire Tablets
amazonbasics inch laptop sleeve,3,Fire Tablets
amazonbasics inch laptop and tablet bag,3,Fire Tablets
amazonbasics external hard drive case,3,Fire Tablets
expanding accordion file folder plastic portable document organizer letter size,3,Fire Tablets
cat litter box covered tray kitten extra large enclosed hooded hidden toilet,0,Pet & Home Essentialss
amazon w powerfast official oem usb charger and power adapter for fire tablets and kindle ereaders,4,Accessories
kindle powerfast international charging kit for accelerated charging in over countries,4,Accessories
amazonbasics silicone hot handle cover holder red,3,Fire Tablets
amazon kindle charger power adapter wall charger and usb cable micro usb cord,4,Accessories
amazon echo st generationcertified color white free shipping,3,Fire Tablets
amazon tap smart assistant alexaenabled black brand new,3,Fire Tablets
all new kindle e reader black glare free touchscreen display wi fi includes special offers,4,Accessories
amazonbasics usb cable a male to b male feet meters,3,Fire Tablets
two door top load pet kennel travel crate dog cat pet cage carrier box tray,0,Pet & Home Essentialss
oem amazon kindle power usb adapter wall travel charger fire dx micro usb cable,4,Accessories
amazonbasics gauge speaker wire feet,3,Fire Tablets
amazon echo nd generation smart assistant oak finish priority shipping,3,Fire Tablets
kindle voyage e reader high resolution display ppi with adaptive built in light pagepress sensors wi fi includes special offers,4,Accessories
amazonbasics nespresso pod storage drawer capsule capacity,3,Fire Tablets
certified refurbished amazon echo,2,Smart Home Devices & Accessories
all new echo nd generation with improved sound powered by dolby and a new design walnut finish,4,Accessories
all new fire hd tablet hd display wi fi gb includes special offers black,1,E-Readers & Kids Tablets
fire kids edition tablet display wi fi gb pink kid proof case,1,E-Readers & Kids Tablets
all new fire hd tablet hd display wi fi gb includes special offers magenta,1,E-Readers & Kids Tablets
kindle oasis e reader with leather charging cover black high resolution display ppi wi fi includes special offers,4,Accessories
kindle voyage e reader high resolution display ppi with adaptive built in light pagepress sensors free g wi fi includes special offers,4,Accessories
all new fire tablet with alexa display gb marine blue,1,E-Readers & Kids Tablets
fire tablet display wi fi gb includes special offers black,1,E-Readers & Kids Tablets
all new fire hd tablet hd display wi fi gb includes special offers blue,1,E-Readers & Kids Tablets
kindle oasis e reader with leather charging cover merlot high resolution display ppi wi fi includes special offers,4,Accessories
fire hd tablet hd display wi fi gb includes special offers silver aluminum,1,E-Readers & Kids Tablets
amazon fire hd with alexa hd display tablet,1,E-Readers & Kids Tablets
amazonbasics single door folding metal dog crate large x x inches,0,Pet & Home Essentialss
all new kindle oasis e reader high resolution display ppi waterproof built in audible gb wi fi free cellular connectivity,4,Accessories
amazonbasics double door folding metal dog crate medium x x inches,0,Pet & Home Essentialss
all new fire hd kids edition tablet hd display gb pink kid proof case,1,E-Readers & Kids Tablets
all new fire hd kids edition tablet hd display gb blue kid proof case,1,E-Readers & Kids Tablets
all new fire hd tablet with alexa hd display gb marine blue with special offers,1,E-Readers & Kids Tablets
fire tablet with alexa display gb magenta with special offers,1,E-Readers & Kids Tablets
echo dot previous generation,2,Smart Home Devices & Accessories
fire tablet with alexa display gb blue with special offers,1,E-Readers & Kids Tablets
kindle oasis e reader with leather charging cover walnut high resolution display ppi wi fi includes special offers,4,Accessories
all new kindle oasis e reader high resolution display ppi waterproof built in audible gb wi fi includes special offers,4,Accessories
fire kids edition tablet display wi fi gb blue kid proof case,1,E-Readers & Kids Tablets
fire hd tablet with alexa hd display gb tangerine with special offers,1,E-Readers & Kids Tablets
fire kids edition tablet display wi fi gb green kid proof case,1,E-Readers & Kids Tablets
kindle e reader white glare free touchscreen display wi fi includes special offers,4,Accessories
amazon fire tv gaming edition streaming media player,3,Fire Tablets
certified refurbished amazon fire tv with alexa voice remote,3,Fire Tablets
amazonbasics bluetooth keyboard for android devices black,3,Fire Tablets
amazon kindle replacement power adapter fits latest generation kindle and kindle dx for shipment in the u s only,4,Accessories
